<?xml version="1.0" encoding="utf-8" standalone="yes" ?>
<rss version="2.0" xmlns:atom="http://www.w3.org/2005/Atom">
  <channel>
    <title>Posts on Team Hg#</title>
    <link>https://blog.teamhg.top/posts/</link>
    <description>Recent content in Posts on Team Hg#</description>
    <generator>Hugo -- gohugo.io</generator>
    <language>zh-cn</language>
    <lastBuildDate>Fri, 12 Oct 2018 21:20:59 +0800</lastBuildDate>
    
	<atom:link href="https://blog.teamhg.top/posts/index.xml" rel="self" type="application/rss+xml" />
    
    
    <item>
      <title>黑屏解药</title>
      <link>https://blog.teamhg.top/posts/blackscreen/</link>
      <pubDate>Fri, 12 Oct 2018 21:20:59 +0800</pubDate>
      
      <guid>https://blog.teamhg.top/posts/blackscreen/</guid>
      <description>终于，最新版本的Splatoon 2已经更新了这个问题。 黑的时候等一会就能恢复。再也不用听黑白姐妹叨叨了。</description>
    </item>
    
  </channel>
</rss>