<?xml version="1.0" encoding="utf-8" standalone="yes" ?>
<rss version="2.0" xmlns:atom="http://www.w3.org/2005/Atom">
  <channel>
    <title>Categories on Team Hg#</title>
    <link>https://blog.teamhg.top/categories/</link>
    <description>Recent content in Categories on Team Hg#</description>
    <generator>Hugo -- gohugo.io</generator>
    <language>zh-cn</language>
    
	<atom:link href="https://blog.teamhg.top/categories/index.xml" rel="self" type="application/rss+xml" />
    
    
  </channel>
</rss>